{"group1":{"addresses":["1.0.0.1:1","1.0.0.2:1","1.0.0.3:1"],"weight":{"1.0.0.1:1":0.3333333333333333,"1.0.0.2:1":0.3333333333333333,"1.0.0.3:1":0.3333333333333333}},"group2":{"addresses":["1.0.0.4:1","1.0.0.5:1"],"weight":{"1.0.0.4:1":0.5,"1.0.0.5:1":0.5}},"group3":{"addresses":["1.0.0.6:1","1.0.0.7:1"],"weight":{"1.0.0.6:1":0.5,"1.0.0.7:1":0.5}},"notGrouped":{"addresses":["1.0.0.8:1","1.0.0.9:1"],"weight":null}}