{"group1":{"addresses":["1.0.0.1:1","1.0.0.1:2","1.0.0.1:3"],"weight":{"1.0.0.1:1":0.1,"1.0.0.1:2":0.4,"1.0.0.1:3":0.5}},"group2":{"addresses":["1.0.0.1:4","1.0.0.1:5"],"weight":{"1.0.0.1:4":0.1,"1.0.0.1:5":0.9}},"group3":{"addresses":["1.0.0.1:6","1.0.0.1:7"],"weight":{"1.0.0.1:6":0.3333333333333333,"1.0.0.1:7":0.6666666666666666}},"notGrouped":{"addresses":["1.0.0.1:8"],"weight":null}}